Rk,Player,Age,Team,Pos,G,GS,MP,FG,FGA,FG%,3P,3PA,3P%,2P,2PA,2P%,eFG%,FT,FTA,FT%,ORB,DRB,TRB,AST,STL,BLK,TOV,PF,PTS,Trp-Dbl,Awards,Player-additional
1,Shai Gilgeous-Alexander,27,OKC,PG,15,15,499,161,303,.531,34,88,.386,127,215,.591,.587,123,136,.904,6,67,73,101,22,14,26,28,479,0,,gilgesh01
2,Lauri Markkanen,28,UTA,PF,14,14,502,146,301,.485,52,135,.385,94,166,.566,.571,85,96,.885,32,53,85,29,14,7,19,29,429,0,,markkla01
3,Tyrese Maxey,25,PHI,PG,13,13,525,140,307,.456,50,121,.413,90,186,.484,.537,93,105,.886,4,60,64,100,18,10,34,33,423,0,,maxeyty01
4,Devin Booker,29,PHO,SG,15,15,530,143,290,.493,29,84,.345,114,206,.553,.543,102,113,.903,16,47,63,103,14,4,57,42,417,0,,bookede01
5,Jaylen Brown,29,BOS,SF,15,15,481,156,310,.503,30,86,.349,126,224,.563,.552,71,92,.772,14,69,83,61,12,5,53,47,413,0,,brownja02
6,Giannis Antetokounmpo,31,MIL,PF,13,13,414,156,248,.629,9,18,.500,147,230,.639,.647,84,132,.636,48,93,141,89,12,15,46,34,405,0,,antetgi01
7,Donovan Mitchell,29,CLE,SG,13,13,443,135,265,.509,52,134,.388,83,131,.634,.608,80,97,.825,9,51,60,72,19,6,42,30,402,0,,mitchdo01
8,Luka Dončić,26,LAL,PG,11,11,405,117,248,.472,38,120,.317,79,128,.617,.548,109,138,.790,9,85,94,99,21,6,45,29,381,1,,doncilu01
9,Nikola Jokić,30,DEN,C,13,13,448,142,219,.648,24,61,.393,118,158,.747,.703,72,84,.857,40,134,174,144,23,11,41,35,380,8,,jokicni01
10,Stephen Curry,37,GSW,PG,13,13,401,116,250,.464,58,149,.389,58,101,.574,.580,73,80,.913,3,44,47,53,20,5,37,29,363,0,,curryst01
11,Deni Avdija,25,POR,SF,14,14,473,115,238,.483,35,94,.372,80,144,.556,.557,92,107,.860,18,72,90,67,7,11,48,50,357,0,,avdijde01
12,Julius Randle,31,MIN,PF,14,14,464,118,227,.520,26,69,.377,92,158,.582,.577,81,95,.853,20,82,102,85,18,3,35,36,343,2,,randlju01
13,Franz Wagner,24,ORL,SF,15,15,538,113,247,.457,25,73,.342,88,174,.506,.508,91,109,.835,27,69,96,57,17,7,30,39,342,0,,wagnefr01
14,James Harden,36,LAC,PG,13,13,470,99,227,.436,47,125,.376,52,102,.510,.540,95,103,.922,8,74,82,113,12,7,50,25,340,2,,hardeja01
15,Austin Reaves,27,LAL,SG,12,12,433,102,208,.490,31,95,.326,71,113,.628,.565,102,117,.872,8,53,61,91,16,1,41,30,337,0,,reaveau01
16,Cade Cunningham,24,DET,PG,12,12,441,116,266,.436,22,80,.275,94,186,.505,.477,73,90,.811,12,53,65,119,17,9,43,45,327,1,,cunnica01
17,Pascal Siakam,31,IND,PF,13,13,454,113,249,.454,25,69,.362,88,180,.489,.504,73,108,.676,23,69,92,62,15,5,32,42,324,0,,siakapa01
18,Keyonte George,22,UTA,PG,14,14,482,100,234,.427,28,96,.292,72,138,.522,.487,94,101,.931,9,46,55,99,15,4,47,32,322,0,,georgke01
19,Shaedon Sharpe,22,POR,SG,14,14,400,115,262,.439,25,97,.258,90,165,.545,.487,61,76,.803,19,51,70,29,20,3,39,30,316,0,,sharpsh01
20,Michael Porter Jr.,27,BRK,SF,13,13,424,111,234,.474,41,114,.360,70,120,.583,.562,51,59,.864,15,85,100,42,11,2,29,29,314,0,,portemi01
21,Victor Wembanyama,22,SAS,C,12,12,416,111,221,.502,20,58,.345,91,163,.558,.548,72,84,.857,24,131,155,48,13,43,43,44,314,1,,wembavi01
22,Kevin Durant,37,HOU,SF,12,12,433,105,206,.510,22,55,.400,83,151,.550,.563,79,89,.888,4,52,56,41,12,8,36,33,311,0,,duranke01
23,Miles Bridges,27,CHO,PF,14,14,493,103,245,.420,46,127,.362,57,118,.483,.514,57,64,.891,15,83,98,55,10,6,23,26,309,0,,bridgmi02
24,Jalen Brunson,29,NYK,PG,11,11,373,107,229,.467,31,84,.369,76,145,.524,.535,63,73,.863,5,34,39,72,9,0,30,29,308,0,,brunsja01
25,Jimmy Butler,36,GSW,SF,15,15,469,92,172,.535,15,33,.455,77,139,.554,.578,102,118,.864,32,50,82,71,26,4,25,18,301,0,,butleji01
26,Brandon Ingram,28,TOR,SF,14,14,468,108,222,.486,17,61,.279,91,161,.565,.525,59,67,.881,10,74,84,53,14,11,37,33,292,0,,ingrabr01
27,Jalen Johnson,24,ATL,SF,13,13,434,109,190,.574,16,42,.381,93,148,.628,.616,52,63,.825,15,108,123,85,24,4,40,28,286,1,,johnsja05
28,Karl-Anthony Towns,30,NYK,C,13,13,430,90,208,.433,25,76,.329,65,132,.492,.493,78,86,.907,41,124,165,42,12,12,34,50,283,0,,townska01
29,Norman Powell,32,MIA,SG,11,11,345,88,184,.478,35,76,.461,53,108,.491,.573,69,74,.932,3,39,42,27,13,2,24,26,280,0,,powelno01
30,Jamal Murray,28,DEN,PG,12,12,412,100,214,.467,30,84,.357,70,130,.538,.537,47,50,.940,7,60,67,73,16,3,28,17,277,0,,murraja01
31,Trey Murphy III,25,NOP,SF,14,14,498,95,204,.466,40,106,.377,55,98,.561,.564,46,49,.939,24,71,95,44,21,2,30,32,276,0,,murphtr02
32,Alperen Şengün,23,HOU,C,12,12,442,97,202,.480,17,38,.447,80,164,.488,.522,65,88,.739,38,86,124,89,15,12,40,39,276,0,,sengual01
33,Scottie Barnes,24,TOR,PF,14,14,455,106,211,.502,21,52,.404,85,159,.535,.552,39,48,.813,27,81,108,74,20,25,26,47,272,0,,barnesc01
34,Zach LaVine,30,SAC,SG,12,12,412,94,184,.511,38,90,.422,56,94,.596,.614,46,52,.885,2,40,42,27,7,2,24,30,272,0,,lavinza01
35,Jalen Duren,22,DET,C,13,13,376,97,144,.674,0,0,,97,144,.674,.674,74,95,.779,59,96,155,24,14,14,30,44,268,0,,durenja01
36,Jaren Jackson Jr.,26,MEM,C,15,15,435,95,202,.470,25,68,.368,70,134,.522,.532,53,66,.803,15,64,79,22,7,19,32,62,268,0,,jacksja02
37,RJ Barrett,25,TOR,SF,14,14,442,101,202,.500,25,74,.338,76,128,.594,.562,40,57,.702,11,58,69,55,12,4,22,40,267,0,,barrerj01
38,Evan Mobley,24,CLE,PF,14,14,479,93,199,.467,24,66,.364,69,133,.519,.528,54,86,.628,36,87,123,60,17,22,38,34,264,0,,mobleev01
39,DeMar DeRozan,36,SAC,PF,14,14,476,99,198,.500,13,33,.394,86,165,.521,.533,52,61,.852,7,39,46,49,16,2,14,28,263,0,,derozde01
40,Ryan Rollins,23,MIL,PG,15,14,464,100,195,.513,37,80,.463,63,115,.548,.608,24,31,.774,11,45,56,80,25,3,37,45,261,0,,rolliry01
41,Paolo Banchero,23,ORL,PF,12,12,393,82,178,.461,11,44,.250,71,134,.530,.492,85,111,.766,11,93,104,49,9,11,32,29,260,0,,banchpa01
42,Anthony Edwards,24,MIN,SG,10,10,303,86,184,.467,31,80,.388,55,104,.529,.552,56,65,.862,9,36,45,36,12,6,24,17,259,0,,edwaran01
43,Desmond Bane,27,ORL,SG,15,15,494,92,211,.436,23,73,.315,69,138,.500,.491,47,51,.922,16,50,66,67,11,5,36,51,254,0,,banede01
44,Payton Pritchard,28,BOS,PG,15,15,482,89,202,.441,40,121,.331,49,81,.605,.540,33,40,.825,15,50,65,75,11,0,21,29,251,0,,pritcpa01
45,Kon Knueppel,20,CHO,SF,14,13,460,86,185,.465,45,112,.402,41,73,.562,.586,30,34,.882,13,71,84,38,12,3,35,34,247,0,,knuepko01
46,Jaden McDaniels,25,MIN,PF,14,14,436,94,170,.553,25,48,.521,69,122,.566,.626,32,38,.842,14,50,64,33,14,18,27,48,245,0,,mcdanja02
47,Ajay Mitchell,23,OKC,SG,15,5,421,89,200,.445,18,57,.316,71,143,.497,.490,49,54,.907,11,47,58,55,26,4,25,36,245,0,,mitchaj01
48,Aaron Gordon,30,DEN,PF,12,12,365,82,153,.536,28,62,.452,54,91,.593,.627,51,58,.879,19,56,75,17,10,3,17,24,243,0,,gordoaa01
49,Onyeka Okongwu,25,ATL,C,15,6,444,86,164,.524,28,69,.406,58,95,.611,.610,41,53,.774,25,86,111,38,14,17,27,55,241,0,,okongon01
50,Grayson Allen,30,PHO,SG,13,13,417,81,173,.468,51,114,.447,30,59,.508,.616,27,34,.794,6,34,40,56,21,4,23,30,240,0,,allengr01
51,Josh Giddey,23,CHI,PG,11,11,379,86,182,.473,17,48,.354,69,134,.515,.519,51,68,.750,18,95,113,103,11,5,39,22,240,3,,giddejo01
52,Jaime Jaquez Jr.,24,MIA,SF,14,0,424,95,180,.528,6,27,.222,89,153,.582,.544,44,56,.786,17,79,96,72,9,4,27,30,240,0,,jaqueja01
53,Derrick White,31,BOS,SG,15,15,493,83,231,.359,40,131,.305,43,100,.430,.446,33,40,.825,13,47,60,80,26,19,21,27,239,0,,whitede01
54,Nickeil Alexander-Walker,27,ATL,SG,13,10,401,80,181,.442,24,80,.300,56,101,.554,.508,54,64,.844,8,29,37,46,13,11,31,24,238,0,,alexani01
55,Jerami Grant,31,POR,PF,13,1,362,70,151,.464,27,67,.403,43,84,.512,.553,71,84,.845,11,28,39,30,12,5,21,44,238,0,,grantje01
56,Alex Sarr,20,WAS,C,13,13,377,98,189,.519,14,40,.350,84,149,.564,.556,28,38,.737,31,75,106,47,9,28,31,28,238,0,,sarral01
57,Andrew Wiggins,30,MIA,SF,14,14,461,93,192,.484,25,70,.357,68,122,.557,.549,23,35,.657,21,47,68,41,15,13,29,37,234,0,,wiggian01
58,Cooper Flagg,19,DAL,PG,15,15,505,90,198,.455,17,58,.293,73,140,.521,.497,36,46,.783,16,79,95,47,19,11,33,35,233,0,,flaggco01
59,Deandre Ayton,27,LAL,C,14,14,425,109,156,.699,0,0,,109,156,.699,.699,13,23,.565,41,82,123,13,10,13,36,44,231,0,,aytonde01
60,Stephon Castle,21,SAS,PG,13,13,416,77,155,.497,12,50,.240,65,105,.619,.535,59,85,.694,20,56,76,98,22,5,52,47,225,1,,castlst01
61,Ivica Zubac,28,LAC,C,14,14,441,97,156,.622,0,0,,97,156,.622,.622,30,40,.750,47,104,151,30,8,14,29,36,224,0,,zubaciv01
62,Immanuel Quickley,26,TOR,PG,14,14,439,78,167,.467,33,88,.375,45,79,.570,.566,31,41,.756,8,58,66,85,18,0,25,31,220,0,,quickim01
63,Chet Holmgren,23,OKC,PF,11,11,328,78,132,.591,19,47,.404,59,85,.694,.663,44,51,.863,18,73,91,18,7,14,24,40,219,0,,holmgch01
64,Quentin Grimes,25,PHI,SG,13,0,406,69,145,.476,32,80,.400,37,65,.569,.586,48,58,.828,5,45,50,56,12,8,38,32,218,0,,grimequ01
65,Cedric Coward,22,MEM,SG,15,2,399,71,149,.477,28,69,.406,43,80,.538,.570,45,50,.900,25,71,96,43,12,6,20,28,215,0,,cowarce01
66,Ja Morant,26,MEM,PG,12,12,345,70,195,.359,10,60,.167,60,135,.444,.385,65,69,.942,6,36,42,91,12,1,45,27,215,0,,moranja01
67,Jeremiah Fears,19,NOP,PG,14,12,369,82,183,.448,17,48,.354,65,135,.481,.495,33,40,.825,11,30,41,39,24,1,36,31,214,0,,fearsje01
68,Rui Hachimura,27,LAL,PF,14,14,475,82,145,.566,26,54,.481,56,91,.615,.655,22,30,.733,11,42,53,17,9,3,16,26,212,0,,hachiru01
69,CJ McCollum,34,WAS,SG,13,13,384,71,180,.394,34,90,.378,37,90,.411,.489,36,44,.818,9,33,42,43,10,3,19,30,212,0,,mccolcj01
70,Mikal Bridges,29,NYK,SF,13,13,456,79,158,.500,32,76,.421,47,82,.573,.601,20,25,.800,16,41,57,63,26,15,13,26,210,0,,bridgmi01
71,P.J. Washington,27,DAL,PF,14,14,430,76,170,.447,18,59,.305,58,111,.523,.500,40,61,.656,15,90,105,32,13,15,38,32,210,0,,washipj01
72,De'Andre Hunter,28,CLE,SF,12,12,346,73,165,.442,22,79,.278,51,86,.593,.509,41,49,.837,7,50,57,35,8,3,20,31,209,0,,huntede01
73,Amen Thompson,23,HOU,SF,12,12,426,80,170,.471,6,29,.207,74,141,.525,.488,41,54,.759,27,46,73,62,15,6,27,27,207,0,,thompam01
74,Nikola Vučević,35,CHI,C,13,13,409,81,167,.485,25,61,.410,56,106,.528,.560,19,25,.760,26,104,130,48,9,6,22,33,206,0,,vucevni01
75,Nic Claxton,26,BRK,C,14,14,412,76,132,.576,0,6,.000,76,126,.603,.576,52,74,.703,42,60,102,54,11,19,20,38,204,0,,claxtni01
76,Kyshawn George,22,WAS,SF,12,12,372,74,146,.507,31,69,.449,43,77,.558,.613,24,34,.706,7,66,73,55,11,11,39,57,203,0,,georgky01
77,Collin Sexton,27,CHO,SG,13,9,342,65,137,.474,21,50,.420,44,87,.506,.551,51,60,.850,4,27,31,62,9,0,37,30,202,0,,sextoco01
78,VJ Edgecombe,20,PHI,SG,13,13,485,75,182,.412,27,72,.375,48,110,.436,.486,24,33,.727,24,50,74,56,16,5,24,42,201,0,,edgecvj01
79,Kelly Oubre Jr.,30,PHI,SF,12,12,418,74,149,.497,23,67,.343,51,82,.622,.574,30,38,.789,14,47,61,16,13,10,18,32,201,0,,oubreke01
80,Russell Westbrook,37,SAC,SF,14,8,399,71,163,.436,30,74,.405,41,89,.461,.528,29,43,.674,24,69,93,90,14,2,45,30,201,2,,westbru01
81,Jrue Holiday,35,POR,PG,12,12,401,74,166,.446,31,85,.365,43,81,.531,.539,21,25,.840,16,47,63,99,19,3,35,24,200,0,,holidjr01
82,Jarrett Allen,27,CLE,C,13,13,335,75,128,.586,0,4,.000,75,124,.605,.586,49,64,.766,31,68,99,23,14,12,21,18,199,0,,allenja01
83,Anfernee Simons,26,BOS,SG,15,0,368,69,167,.413,40,99,.404,29,68,.426,.533,21,25,.840,5,28,33,38,6,3,20,32,199,0,,simonan01
84,Donte DiVincenzo,29,MIN,SG,14,14,425,61,142,.430,41,108,.380,20,34,.588,.574,34,40,.850,13,42,55,48,14,8,20,32,197,0,,divindo01
85,Matas Buzelis,21,CHI,PF,13,13,378,71,150,.473,24,60,.400,47,90,.522,.553,29,34,.853,16,57,73,16,10,15,25,43,195,0,,buzelma01
86,Isaiah Hartenstein,27,OKC,C,15,15,428,85,123,.691,0,4,.000,85,119,.714,.691,24,36,.667,53,111,164,49,22,9,32,43,194,0,,harteis01
87,Wendell Carter Jr.,26,ORL,C,15,15,454,63,117,.538,19,43,.442,44,74,.595,.620,46,57,.807,46,69,115,27,10,13,31,60,191,0,,cartewe01
88,OG Anunoby,28,NYK,PF,12,12,373,70,147,.476,31,79,.392,39,68,.574,.582,19,25,.760,19,48,67,26,23,8,22,28,190,0,,anunoog01
89,Duncan Robinson,31,DET,SF,15,15,482,63,141,.447,46,110,.418,17,31,.548,.610,18,24,.750,7,35,42,30,13,5,11,40,190,0,,robindu01
90,Devin Vassell,25,SAS,SG,14,14,465,68,171,.398,34,98,.347,34,73,.466,.497,20,25,.800,5,44,49,36,16,4,16,30,190,0,,vassede01
91,Domantas Sabonis,29,SAC,C,11,11,365,74,145,.510,4,20,.200,70,125,.560,.524,37,51,.725,37,98,135,41,13,2,28,44,189,0,,sabondo01
92,Dillon Brooks,30,PHO,SF,9,9,265,67,146,.459,22,68,.324,45,78,.577,.534,32,35,.914,7,21,28,19,19,2,19,31,188,0,,brookdi01
93,Santi Aldama,25,MEM,PF,15,0,384,73,159,.459,20,66,.303,53,93,.570,.522,21,35,.600,24,78,102,37,16,9,19,22,187,0,,aldamsa01
94,Kevin Huerter,27,CHI,SF,13,4,343,70,139,.504,21,65,.323,49,74,.662,.579,26,31,.839,9,44,53,36,12,12,21,32,187,0,,huertke01
95,Kyle Kuzma,30,MIL,PF,14,5,362,70,141,.496,13,46,.283,57,95,.600,.543,33,42,.786,10,52,62,24,11,8,17,37,186,0,,kuzmaky01
96,Myles Turner,29,MIL,C,15,15,449,63,143,.441,36,83,.434,27,60,.450,.566,23,33,.697,18,76,94,28,19,26,21,40,185,0,,turnemy01
97,Brandin Podziemski,22,GSW,SG,16,7,452,67,150,.447,29,75,.387,38,75,.507,.543,21,28,.750,7,67,74,47,19,5,19,36,184,0,,podzibr01
98,Max Christie,22,DAL,SG,15,12,447,62,131,.473,38,83,.458,24,48,.500,.618,19,26,.731,1,49,50,39,8,8,16,27,181,0,,chrisma02
99,Harrison Barnes,33,SAS,PF,14,14,418,61,110,.555,36,74,.486,25,36,.694,.718,22,24,.917,8,33,41,30,15,4,19,25,180,0,,barneha02
100,Jonathan Kuminga,23,GSW,PF,13,12,360,65,136,.478,12,37,.324,53,99,.535,.522,37,48,.771,21,65,86,37,5,4,35,25,179,0,,kuminjo01
101,D'Angelo Russell,29,DAL,PG,15,3,330,62,163,.380,17,75,.227,45,88,.511,.433,38,54,.704,7,35,42,73,8,2,35,21,179,0,,russeda01
102,Tristan Da Silva,24,ORL,SF,15,3,353,64,132,.485,31,76,.408,33,56,.589,.602,19,24,.792,15,43,58,16,14,3,14,12,178,0,,dasiltr01
103,Moses Moody,23,GSW,SG,14,6,344,55,126,.437,40,90,.444,15,36,.417,.595,27,33,.818,7,33,40,21,14,11,18,26,177,0,,moodymo01
104,LaMelo Ball,24,CHO,PG,8,8,255,60,148,.405,23,73,.315,37,75,.493,.483,33,39,.846,10,45,55,77,11,1,27,26,176,1,,ballla01
105,Anthony Black,22,ORL,PG,15,3,402,65,136,.478,15,52,.288,50,84,.595,.533,31,45,.689,7,39,46,36,18,10,31,38,176,0,,blackan01
106,Ayo Dosunmu,26,CHI,SG,11,0,280,62,112,.554,20,43,.465,42,69,.609,.643,29,32,.906,3,24,27,37,7,1,14,19,173,0,,dosunay01
107,Naz Reid,26,MIN,C,14,0,338,66,144,.458,27,75,.360,39,69,.565,.552,13,20,.650,17,68,85,29,13,12,21,39,172,0,,reidna01
108,Dennis Schröder,32,SAC,PG,14,12,426,65,162,.401,22,64,.344,43,98,.439,.469,20,26,.769,4,47,51,83,15,3,27,26,172,0,,schrode01
109,Cam Thomas,24,BRK,SG,8,8,226,53,132,.402,16,45,.356,37,87,.425,.462,49,56,.875,3,8,11,21,4,1,16,15,171,0,,thomaca02
110,Aaron Nesmith,26,IND,SF,11,11,335,54,147,.367,31,83,.373,23,64,.359,.473,31,39,.795,17,32,49,17,9,3,8,27,170,0,,nesmiaa01
111,Royce O'Neale,32,PHO,SF,15,11,444,59,136,.434,48,113,.425,11,23,.478,.610,4,6,.667,15,67,82,44,19,2,22,38,170,0,,onealro01
112,Naji Marshall,28,DAL,SF,15,1,394,54,117,.462,11,41,.268,43,76,.566,.509,49,62,.790,12,60,72,34,19,0,15,31,168,0,,marshna01
113,John Collins,28,LAC,PF,14,5,355,65,129,.504,12,36,.333,53,93,.570,.550,25,31,.806,19,48,67,9,12,7,27,32,167,0,,collijo01
114,Sam Merrill,29,CLE,SG,12,8,311,54,116,.466,44,99,.444,10,17,.588,.655,15,16,.938,9,16,25,27,6,3,10,35,167,0,,merrisa01
115,Toumani Camara,25,POR,PF,14,14,482,61,154,.396,29,95,.305,32,59,.542,.490,15,21,.714,26,44,70,41,15,6,30,44,166,0,,camarto01
116,A.J. Green,26,MIL,SG,15,15,422,51,106,.481,46,97,.474,5,9,.556,.698,15,19,.789,1,36,37,28,6,1,11,48,163,0,,greenaj01
117,Keldon Johnson,26,SAS,SF,14,0,331,66,119,.555,8,33,.242,58,86,.674,.588,22,27,.815,31,56,87,24,12,1,11,26,162,0,,johnske04
118,Saddiq Bey,26,NOP,SF,13,7,358,57,133,.429,28,70,.400,29,63,.460,.534,19,27,.704,23,39,62,26,10,0,9,13,161,0,,beysa01
119,Simone Fontecchio,30,MIA,SF,14,0,266,53,107,.495,37,74,.500,16,33,.485,.668,18,21,.857,7,30,37,16,8,3,12,33,161,0,,fontesi01
120,Bam Adebayo,28,MIA,C,8,8,243,56,124,.452,16,47,.340,40,77,.519,.516,31,36,.861,8,57,65,23,8,2,16,13,159,0,,adebaba01
121,Jake LaRavia,24,LAL,PF,15,6,428,58,119,.487,17,50,.340,41,69,.594,.559,26,39,.667,19,48,67,35,22,4,18,37,159,0,,laravja01
122,Jabari Smith Jr.,22,HOU,PF,11,11,363,59,129,.457,22,59,.373,37,70,.529,.543,19,23,.826,13,57,70,18,9,9,11,30,159,0,,smithja05
123,Collin Gillespie,26,PHO,PG,15,0,365,53,133,.398,36,92,.391,17,41,.415,.534,16,20,.800,15,46,61,77,15,6,23,21,158,0,,gilleco01
124,Kel'el Ware,21,MIA,C,14,11,342,62,114,.544,14,36,.389,48,78,.615,.605,19,25,.760,40,94,134,10,14,21,13,29,157,0,,wareke01
125,Kristaps Porziņģis,30,ATL,C,9,9,232,49,114,.430,14,45,.311,35,69,.507,.491,44,51,.863,17,34,51,33,5,14,10,27,156,0,,porzikr01
126,Zaccharie Risacher,20,ATL,SF,12,12,297,61,128,.477,20,58,.345,41,70,.586,.555,13,19,.684,7,25,32,18,14,7,10,21,155,0,,risacza01
127,Gary Trent Jr.,27,MIL,SG,15,12,415,53,133,.398,34,91,.374,19,42,.452,.526,13,18,.722,1,23,24,30,16,1,11,31,153,0,,trentga02
128,Mark Williams,24,PHO,C,13,10,326,61,97,.629,0,0,,61,97,.629,.629,30,39,.769,38,69,107,12,17,12,12,37,152,0,,willima07
129,Reed Sheppard,21,HOU,PG,12,0,275,56,114,.491,33,69,.478,23,45,.511,.636,6,9,.667,3,29,32,37,19,4,15,24,151,0,,sheppre01
130,Rudy Gobert,33,MIN,C,14,14,439,64,84,.762,0,0,,64,84,.762,.762,22,45,.489,42,92,134,21,8,25,24,40,150,0,,goberru01
131,Tre Johnson,19,WAS,SG,13,4,327,56,132,.424,25,67,.373,31,65,.477,.519,12,14,.857,7,35,42,18,4,6,20,25,149,0,,johnstr03
132,Tim Hardaway Jr.,33,DEN,SG,13,1,296,49,106,.462,33,70,.471,16,36,.444,.618,17,18,.944,4,21,25,19,8,1,3,17,148,0,,hardati02
133,Jock Landale,30,MEM,C,15,13,360,58,112,.518,16,37,.432,42,75,.560,.589,16,26,.615,35,48,83,26,10,7,18,45,148,0,,landajo01
134,Davion Mitchell,27,MIA,PG,14,14,431,59,117,.504,17,44,.386,42,73,.575,.577,13,22,.591,6,34,40,104,19,1,25,42,148,0,,mitchda01
135,Isaiah Joe,26,OKC,SG,10,0,259,45,104,.433,34,84,.405,11,20,.550,.596,23,26,.885,7,26,33,16,7,1,11,18,147,0,,joeis01
136,Tre Jones,26,CHI,PG,11,11,329,48,97,.495,6,17,.353,42,80,.525,.526,44,52,.846,9,35,44,60,23,2,18,22,146,0,,jonestr01
137,Kawhi Leonard,34,LAC,SF,6,6,201,53,105,.505,14,35,.400,39,70,.557,.571,26,27,.963,5,29,34,21,15,4,11,7,146,0,,leonaka01
138,Bobby Portis,30,MIL,PF,15,0,313,58,124,.468,20,47,.426,38,77,.494,.548,10,14,.714,18,65,83,17,5,1,18,25,146,0,,portibo01
139,Derik Queen,21,NOP,C,14,2,316,54,115,.470,1,10,.100,53,105,.505,.474,36,47,.766,26,61,87,37,14,11,32,43,145,0,,queende01
140,Ausar Thompson,23,DET,SF,11,10,314,61,120,.508,4,13,.308,57,107,.533,.525,19,39,.487,20,48,68,34,19,10,14,32,145,0,,thompau01
141,Moussa Diabaté,24,CHO,C,14,1,319,53,78,.679,0,0,,53,78,.679,.679,38,54,.704,55,56,111,15,9,21,11,34,144,0,,diabamo01
142,Malik Monk,27,SAC,SG,11,0,267,52,114,.456,22,50,.440,30,64,.469,.553,18,20,.900,3,14,17,23,10,5,11,19,144,0,,monkma01
143,Pelle Larsson,24,MIA,SG,14,11,305,50,93,.538,17,44,.386,33,49,.673,.629,25,31,.806,5,33,38,39,6,2,17,26,142,0,,larsspe01
144,Tre Mann,24,CHO,PG,14,1,308,54,148,.365,22,72,.306,32,76,.421,.439,12,13,.923,10,34,44,43,11,2,27,32,142,0,,manntr01
145,Jaylen Wells,22,MEM,SG,15,15,380,53,143,.371,22,78,.282,31,65,.477,.448,14,21,.667,17,34,51,23,10,0,12,30,142,0,,wellsja01
146,Brandon Williams,26,DAL,PG,13,5,272,50,115,.435,5,31,.161,45,84,.536,.457,37,47,.787,7,27,34,42,22,2,24,22,142,0,,willibr03
147,Jarace Walker,22,IND,PF,14,9,407,45,151,.298,19,72,.264,26,79,.329,.361,31,39,.795,11,62,73,42,9,7,32,29,140,0,,walkeja02
148,Jordan Clarkson,33,NYK,SG,13,0,233,50,105,.476,19,52,.365,31,53,.585,.567,19,22,.864,11,13,24,22,5,2,12,27,138,0,,clarkjo01
149,Jalen Suggs,24,ORL,PG,11,11,253,46,89,.517,18,52,.346,28,37,.757,.618,28,31,.903,7,37,44,52,18,4,33,39,138,0,,suggsja01
150,Cam Spencer,25,MEM,SG,15,1,285,42,96,.438,30,67,.448,12,29,.414,.594,23,26,.885,2,28,30,45,10,1,13,21,137,0,,spencca01
151,Julian Champagnie,24,SAS,SF,14,9,381,42,100,.420,29,77,.377,13,23,.565,.565,23,30,.767,11,50,61,16,15,4,18,16,136,0,,champju02
152,Noah Clowney,21,BRK,PF,14,8,348,38,106,.358,25,78,.321,13,28,.464,.476,35,48,.729,10,42,52,23,9,6,21,29,136,0,,clownno01
153,De'Aaron Fox,28,SAS,PG,6,6,204,53,104,.510,15,40,.375,38,64,.594,.582,15,17,.882,7,12,19,37,7,2,22,16,136,0,,foxde01
154,Derrick Jones Jr.,28,LAC,SF,13,13,324,49,92,.533,16,46,.348,33,46,.717,.620,22,28,.786,11,20,31,14,11,15,10,26,136,0,,jonesde02
155,Herbert Jones,27,NOP,SF,14,14,423,49,123,.398,23,62,.371,26,61,.426,.492,15,21,.714,12,37,49,32,19,3,25,48,136,0,,joneshe01
156,Svi Mykhailiuk,28,UTA,SF,14,14,378,51,105,.486,29,75,.387,22,30,.733,.624,5,6,.833,10,26,36,28,7,3,10,20,136,0,,mykhasv01
157,Neemias Queta,26,BOS,C,15,15,367,60,98,.612,0,3,.000,60,95,.632,.612,16,27,.593,46,75,121,26,11,22,13,49,136,0,,quetane01
158,Dyson Daniels,22,ATL,SG,15,15,497,59,122,.484,3,13,.231,56,109,.514,.496,13,21,.619,27,62,89,87,35,7,32,37,134,0,,daniedy01
159,Jalen Smith,25,CHI,C,13,0,208,49,100,.490,22,55,.400,27,45,.600,.600,13,19,.684,26,56,82,18,4,4,13,27,133,0,,smithja04
160,Isaiah Stewart,24,DET,C,12,5,276,49,99,.495,14,36,.389,35,63,.556,.566,21,28,.750,26,52,78,18,2,24,14,37,133,0,,stewais01
161,Aaron Wiggins,27,OKC,SG,9,5,248,51,111,.459,25,60,.417,26,51,.510,.572,6,9,.667,9,24,33,20,4,7,9,20,133,0,,wiggiaa01
162,Terance Mann,29,BRK,SG,14,14,380,49,105,.467,15,42,.357,34,63,.540,.538,19,23,.826,21,23,44,48,11,3,12,45,132,0,,mannte01
163,Klay Thompson,35,DAL,SF,14,7,298,47,139,.338,32,103,.311,15,36,.417,.453,6,6,1.000,3,33,36,25,5,5,16,10,132,0,,thompkl01
164,Ryan Dunn,23,PHO,SF,15,10,361,53,110,.482,15,45,.333,38,65,.585,.550,9,13,.692,29,45,74,29,20,10,15,38,130,0,,dunnry01
165,Landry Shamet,28,NYK,SG,13,4,288,39,87,.448,26,63,.413,13,24,.542,.598,26,31,.839,6,21,27,15,5,2,6,17,130,0,,shamela01
166,Ron Holland,20,DET,SF,15,5,358,48,122,.393,14,48,.292,34,74,.459,.451,19,22,.864,13,45,58,27,25,5,27,43,129,0,,hollaro01
167,Ryan Kalkbrenner,24,CHO,C,13,13,346,56,69,.812,0,1,.000,56,68,.824,.812,17,21,.810,42,50,92,5,12,29,22,28,129,0,,kalkbry01
168,Will Richard,23,GSW,SG,14,5,252,45,78,.577,19,45,.422,26,33,.788,.699,19,25,.760,16,16,32,19,15,1,11,31,128,0,,richawi02
169,Tari Eason,24,HOU,PF,11,1,255,47,95,.495,27,53,.509,20,42,.476,.637,5,7,.714,16,41,57,18,9,5,19,18,126,0,,easonta01
170,Christian Braun,24,DEN,SG,11,11,325,48,97,.495,6,28,.214,42,69,.609,.526,23,29,.793,18,30,48,33,9,3,14,24,125,0,,braunch01
171,Donovan Clingan,21,POR,C,14,14,350,49,104,.471,8,40,.200,41,64,.641,.510,18,19,.947,65,64,129,17,9,23,11,37,124,0,,clingdo01
172,Cole Anthony,25,MIL,PG,14,0,274,52,124,.419,11,37,.297,41,87,.471,.464,8,15,.533,8,38,46,73,10,5,29,39,123,0,,anthoco01
173,Nikola Jović,22,MIA,PF,14,1,299,41,102,.402,15,51,.294,26,51,.510,.475,26,35,.743,10,51,61,43,9,6,25,37,123,0,,jovicni01
174,Andrew Nembhard,26,IND,PG,7,7,200,37,93,.398,13,40,.325,24,53,.453,.468,36,37,.973,2,10,12,43,2,2,17,17,123,0,,nembhan01
175,Ace Bailey,19,UTA,SF,14,5,284,47,111,.423,14,46,.304,33,65,.508,.486,14,17,.824,27,21,48,21,9,2,19,35,122,0,,baileac01
176,Javonte Green,32,DET,SG,15,3,349,39,96,.406,15,49,.306,24,47,.511,.484,29,38,.763,14,43,57,18,17,7,12,24,122,0,,greenja02
177,Sandro Mamukelashvili,26,TOR,C,13,0,232,44,76,.579,14,31,.452,30,45,.667,.671,20,25,.800,13,34,47,24,6,6,12,23,122,0,,mamuksa01
178,Jaylon Tyson,23,CLE,SG,11,7,284,44,90,.489,24,52,.462,20,38,.526,.622,10,13,.769,15,29,44,20,14,9,11,42,122,0,,tysonja01
179,Ziaire Williams,24,BRK,SF,12,0,279,38,97,.392,22,71,.310,16,26,.615,.505,24,28,.857,8,24,32,8,11,5,10,30,122,0,,willizi02
180,Isaiah Jackson,24,IND,C,14,10,268,47,81,.580,0,0,,47,81,.580,.580,27,34,.794,39,50,89,15,10,5,16,46,121,0,,jacksis01
181,Jordan Poole,26,NOP,PG,7,4,212,35,99,.354,20,59,.339,15,40,.375,.455,31,32,.969,3,9,12,24,2,2,15,18,121,0,,poolejo01
182,Vit Krejci,25,ATL,PG,11,1,247,42,81,.519,29,62,.468,13,19,.684,.698,7,10,.700,3,24,27,20,5,3,8,28,120,0,,krejcvi01
183,Draymond Green,35,GSW,PF,15,15,425,43,110,.391,23,64,.359,20,46,.435,.495,10,17,.588,13,74,87,86,11,12,48,56,119,0,,greendr01
184,Joel Embiid,31,PHI,C,6,6,140,40,87,.460,9,28,.321,31,59,.525,.511,29,35,.829,9,24,33,20,5,9,16,13,118,0,,embiijo01
185,Daniss Jenkins,24,DET,PG,10,4,219,47,95,.495,13,29,.448,34,66,.515,.563,11,16,.688,8,13,21,44,15,0,16,16,118,0,,jenkida01
186,Cason Wallace,22,OKC,SG,14,14,406,43,106,.406,22,59,.373,21,47,.447,.509,10,11,.909,11,32,43,40,33,4,17,35,118,0,,wallaca01
187,Marcus Smart,31,LAL,SG,12,9,338,37,92,.402,13,56,.232,24,36,.667,.473,30,32,.938,7,22,29,38,24,2,26,36,117,0,,smartma01
188,Cam Whitmore,21,WAS,SF,13,0,221,45,99,.455,11,34,.324,34,65,.523,.510,15,20,.750,8,22,30,8,11,2,13,17,116,0,,whitmca01
189,Kentavious Caldwell-Pope,32,MEM,SG,15,13,346,38,107,.355,14,50,.280,24,57,.421,.421,25,28,.893,6,33,39,46,12,4,16,19,115,0,,caldwke01
190,Zion Williamson,25,NOP,PF,5,5,157,38,78,.487,0,0,,38,78,.487,.487,38,57,.667,16,18,34,23,10,1,17,12,114,0,,willizi01
191,Jakob Poeltl,30,TOR,C,10,10,254,47,65,.723,0,0,,47,65,.723,.723,19,35,.543,28,47,75,17,6,6,12,36,113,0,,poeltja01
192,Brice Sensabaugh,22,UTA,SF,13,0,191,38,87,.437,22,64,.344,16,23,.696,.563,14,15,.933,7,27,34,16,8,1,11,23,112,0,,sensabr01
193,Josh Hart,30,NYK,SF,12,0,306,43,91,.473,12,37,.324,31,54,.574,.538,12,16,.750,19,59,78,56,11,2,25,24,110,1,,hartjo01
194,Miles McBride,25,NYK,SG,11,3,267,40,99,.404,24,62,.387,16,37,.432,.525,6,10,.600,9,21,30,27,9,1,9,17,110,0,,mcbrimi01
195,Gradey Dick,22,TOR,SG,14,0,234,34,79,.430,17,47,.362,17,32,.531,.538,23,28,.821,6,25,31,9,7,0,5,12,108,0,,dickgr01
196,Josh Minott,23,BOS,PF,14,9,282,38,80,.475,16,42,.381,22,38,.579,.575,15,19,.789,27,46,73,19,14,5,9,30,107,0,,minotjo01
197,Buddy Hield,33,GSW,SG,16,0,267,38,90,.422,18,57,.316,20,33,.606,.522,12,13,.923,5,19,24,24,13,0,16,19,106,0,,hieldbu01
198,Sion James,23,CHO,SG,14,9,374,35,76,.461,20,45,.444,15,31,.484,.592,16,19,.842,5,39,44,21,11,5,14,23,106,0,,jamessi01
199,Jonas Valančiūnas,33,DEN,C,13,0,155,40,73,.548,2,6,.333,38,67,.567,.562,24,33,.727,20,41,61,15,1,9,14,25,106,0,,valanjo01
200,Anthony Davis,32,DAL,PF,5,5,149,39,75,.520,3,11,.273,36,64,.563,.540,23,31,.742,17,34,51,11,8,6,11,13,104,0,,davisan02
201,Corey Kispert,26,WAS,SF,13,0,247,36,72,.500,18,47,.383,18,25,.720,.625,14,19,.737,4,26,30,21,3,2,9,17,104,0,,kispeco01
202,Jusuf Nurkić,31,UTA,C,14,9,342,39,99,.394,4,25,.160,35,74,.473,.414,22,35,.629,31,103,134,53,25,6,41,40,104,0,,nurkiju01
203,Patrick Williams,24,CHI,PF,13,0,284,35,81,.432,20,49,.408,15,32,.469,.556,14,20,.700,9,28,37,20,15,5,14,22,104,0,,willipa01
204,Luke Kennard,29,ATL,SG,13,0,291,36,74,.486,19,44,.432,17,30,.567,.615,12,13,.923,8,19,27,26,13,1,16,18,103,0,,kennalu01
205,Tyrese Martin,26,BRK,SG,14,2,293,39,103,.379,18,60,.300,21,43,.488,.466,7,11,.636,14,28,42,34,9,3,14,13,103,0,,martity01
206,Andre Drummond,32,PHI,C,12,4,274,40,67,.597,7,16,.438,33,51,.647,.649,15,24,.625,38,77,115,9,9,10,7,24,102,0,,drumman01
207,Kris Dunn,31,LAC,PG,14,8,360,38,80,.475,12,33,.364,26,47,.553,.550,13,18,.722,12,23,35,34,21,4,20,38,101,0,,dunnkr01
208,Kyle Filipowski,22,UTA,C,13,5,258,35,85,.412,11,35,.314,24,50,.480,.476,20,29,.690,20,53,73,30,5,7,16,36,101,0,,filipky01
209,Isaac Okoro,25,CHI,SG,13,13,330,36,82,.439,14,39,.359,22,43,.512,.524,15,17,.882,16,21,37,24,6,10,15,40,101,0,,okorois01
210,Luka Garza,27,BOS,C,14,0,205,36,62,.581,8,21,.381,28,41,.683,.645,20,26,.769,34,25,59,11,5,6,6,44,100,0,,garzalu01
211,Jose Alvarado,27,NOP,PG,13,0,258,34,81,.420,20,51,.392,14,30,.467,.543,11,13,.846,6,25,31,32,13,0,14,21,99,0,,alvarjo01
212,Keon Ellis,26,SAC,SG,14,2,263,34,75,.453,24,54,.444,10,21,.476,.613,7,10,.700,4,17,21,9,20,4,6,33,99,0,,elliske01
213,Sam Hauser,28,BOS,PF,15,2,323,33,103,.320,30,90,.333,3,13,.231,.466,3,4,.750,11,41,52,21,9,4,10,14,99,0,,hausesa01
214,Dalton Knecht,24,LAL,SF,14,1,249,39,84,.464,15,46,.326,24,38,.632,.554,6,9,.667,8,23,31,8,7,6,8,19,99,0,,knechda01
215,Khris Middleton,34,WAS,SF,10,10,248,38,80,.475,9,28,.321,29,52,.558,.531,14,19,.737,13,26,39,24,9,2,16,33,99,0,,middlkh01
216,Mouhamed Gueye,23,ATL,PF,15,2,253,41,82,.500,11,39,.282,30,43,.698,.567,5,10,.500,22,42,64,21,6,9,13,30,98,0,,gueyemo02
217,Cameron Johnson,29,DEN,SF,12,12,306,35,90,.389,13,45,.289,22,45,.489,.461,15,18,.833,9,24,33,23,6,1,6,25,98,0,,johnsca02
218,Egor Demin,19,BRK,PG,13,6,269,32,85,.376,24,63,.381,8,22,.364,.518,8,9,.889,7,32,39,44,11,2,22,22,96,0,,demineg01
219,Daniel Gafford,27,DAL,C,9,9,207,37,56,.661,0,0,,37,56,.661,.661,22,27,.815,20,33,53,10,8,15,10,25,96,0,,gaffoda01
220,Josh Okogie,27,HOU,SG,12,10,271,31,63,.492,16,35,.457,15,28,.536,.619,18,22,.818,11,16,27,15,19,2,7,25,96,0,,okogijo01
221,Marvin Bagley III,26,WAS,PF,13,0,190,38,58,.655,3,6,.500,35,52,.673,.681,15,21,.714,24,31,55,16,6,7,12,27,94,0,,baglema01
222,Caris LeVert,31,DET,SG,10,0,198,35,69,.507,12,30,.400,23,39,.590,.594,12,20,.600,2,15,17,35,6,4,17,12,94,0,,leverca01
223,Brook Lopez,37,LAC,C,14,0,213,33,78,.423,19,54,.352,14,24,.583,.545,8,11,.727,4,27,31,8,5,11,13,24,93,0,,lopezbr01
224,Collin Murray-Boyles,20,TOR,PF,11,3,220,34,68,.500,9,18,.500,25,50,.500,.566,16,21,.762,19,19,38,13,8,5,12,27,93,0,,murraco01
225,Day'Ron Sharpe,24,BRK,C,13,0,206,35,55,.636,3,12,.250,32,43,.744,.664,20,30,.667,31,39,70,25,13,6,25,32,93,0,,sharpda01
226,Goga Bitadze,26,ORL,C,15,0,249,33,46,.717,2,6,.333,31,40,.775,.739,21,29,.724,24,49,73,19,8,19,8,31,89,0,,bitadgo01
227,Drew Eubanks,28,SAC,C,14,3,205,37,56,.661,0,1,.000,37,55,.673,.661,15,31,.484,9,30,39,4,7,14,13,18,89,0,,eubandr01
228,Paul Reed,26,DET,C,13,2,163,39,56,.696,4,8,.500,35,48,.729,.732,7,12,.583,25,32,57,16,14,11,14,24,89,0,,reedpa01
229,Ben Sheppard,24,IND,SG,14,5,354,33,105,.314,13,58,.224,20,47,.426,.376,10,13,.769,12,51,63,25,7,3,9,35,89,0,,sheppbe01
230,Trendon Watford,25,PHI,PF,10,4,213,35,65,.538,5,12,.417,30,53,.566,.577,14,19,.737,13,34,47,37,4,2,14,28,89,1,,watfotr01
231,Trae Young,27,ATL,PG,5,5,139,26,70,.371,5,26,.192,21,44,.477,.407,32,39,.821,0,10,10,39,4,1,10,9,89,0,,youngtr01
232,Craig Porter Jr.,25,CLE,PG,15,0,259,35,66,.530,12,27,.444,23,39,.590,.621,6,12,.500,20,22,42,37,16,8,13,15,88,0,,portecr01
233,Dru Smith,28,MIA,SG,14,0,232,32,67,.478,12,31,.387,20,36,.556,.567,12,14,.857,12,16,28,46,21,2,12,25,88,0,,smithdr01
234,Bennedict Mathurin,23,IND,SF,3,3,98,24,47,.511,8,19,.421,16,28,.571,.596,31,40,.775,3,14,17,7,1,0,9,11,87,0,,mathube01
235,Jamal Shead,23,TOR,PG,14,0,253,29,67,.433,16,38,.421,13,29,.448,.552,13,16,.813,5,19,24,70,11,1,18,29,87,0,,sheadja01
236,Mike Conley,38,MIN,PG,14,4,282,26,61,.426,19,41,.463,7,20,.350,.582,15,15,1.000,5,23,28,49,11,3,14,26,86,0,,conlemi01
237,Vince Williams Jr.,25,MEM,SG,10,2,203,28,71,.394,15,44,.341,13,27,.481,.500,15,18,.833,10,37,47,33,7,2,19,21,86,0,,willivi01
238,Quinten Post,25,GSW,PF,16,7,227,31,72,.431,18,52,.346,13,20,.650,.556,5,7,.714,15,46,61,14,6,9,9,17,85,0,,postqu01
239,Dylan Harper,19,SAS,SG,6,0,140,32,64,.500,5,14,.357,27,50,.540,.539,15,18,.833,5,19,24,23,4,0,11,18,84,0,,harpedy01
240,Bub Carrington,20,WAS,PG,13,5,349,28,85,.329,17,39,.436,11,46,.239,.429,10,14,.714,3,49,52,57,9,2,32,33,83,0,,carrica01
241,Jordan Goodwin,27,PHO,PG,12,0,205,31,73,.425,15,38,.395,16,35,.457,.527,6,8,.750,19,26,45,23,16,2,13,20,83,0,,goodwjo01
242,Peyton Watson,23,DEN,SF,13,3,300,30,68,.441,5,19,.263,25,49,.510,.478,18,25,.720,14,33,47,17,15,16,13,24,83,0,,watsope01
243,Tobias Harris,33,DET,PF,6,6,193,28,71,.394,8,28,.286,20,43,.465,.451,17,18,.944,5,31,36,17,5,1,8,18,81,0,,harrito02
244,Bruce Brown,29,DEN,SG,13,0,292,29,70,.414,9,22,.409,20,48,.417,.479,13,15,.867,14,42,56,16,9,2,10,30,80,0,,brownbr01
245,Tony Bradley,28,IND,C,14,3,204,33,56,.589,0,1,.000,33,55,.600,.589,13,19,.684,29,19,48,11,2,3,7,35,79,0,,bradlto01
246,Bogdan Bogdanović,33,LAC,SG,8,2,209,26,66,.394,14,41,.341,12,25,.480,.500,11,13,.846,2,28,30,27,7,1,12,21,77,0,,bogdabo01
247,Dean Wade,29,CLE,PF,14,2,312,26,68,.382,16,50,.320,10,18,.556,.500,9,12,.750,12,40,52,20,11,8,4,23,77,0,,wadede01
248,Lonzo Ball,28,CLE,PG,12,2,276,25,73,.342,19,59,.322,6,14,.429,.473,7,10,.700,14,35,49,64,13,2,27,24,76,0,,balllo01
249,Jay Huff,27,IND,C,14,2,202,27,72,.375,13,49,.265,14,23,.609,.465,9,13,.692,14,26,40,10,1,25,8,28,76,0,,huffja01
250,Oso Ighodaro,23,PHO,PF,15,4,236,32,57,.561,0,0,,32,57,.561,.561,9,16,.563,9,40,49,18,6,10,19,37,73,0,,ighodos01
251,Walker Kessler,24,UTA,C,5,5,154,26,37,.703,6,8,.750,20,29,.690,.784,14,20,.700,23,31,54,15,7,9,16,22,72,0,,kesslwa01
252,Jaden Hardy,23,DAL,SG,12,0,131,22,54,.407,15,33,.455,7,21,.333,.546,12,15,.800,3,13,16,4,4,1,13,13,71,0,,hardyja02
253,Luguentz Dort,26,OKC,SF,9,9,273,23,67,.343,12,44,.273,11,23,.478,.433,12,13,.923,14,26,40,13,8,2,6,25,70,0,,dortlu01
254,Jaylin Williams,23,OKC,PF,14,1,266,24,73,.329,17,64,.266,7,9,.778,.445,5,7,.714,8,59,67,32,8,8,14,23,70,0,,willija07
255,Walter Clayton,22,UTA,PG,11,0,178,22,54,.407,10,29,.345,12,25,.480,.500,14,14,1.000,6,20,26,35,5,3,15,20,68,0,,claytwa01
256,Keaton Wallace,26,ATL,PG,14,2,222,25,58,.431,15,35,.429,10,23,.435,.560,3,6,.500,1,24,25,41,12,2,12,20,68,0,,wallake01
257,Jalen Wilson,25,BRK,PF,12,0,185,21,56,.375,16,39,.410,5,17,.294,.518,10,13,.769,2,10,12,7,2,0,8,16,68,0,,wilsoja03
258,Steven Adams,32,HOU,C,11,2,239,25,49,.510,0,0,,25,49,.510,.510,17,23,.739,56,47,103,16,8,8,12,24,67,0,,adamsst01
259,Justin Edwards,22,PHI,SF,11,1,154,24,53,.453,16,38,.421,8,15,.533,.604,3,3,1.000,7,13,20,13,2,2,5,23,67,0,,edwarju01
260,Kris Murray,25,POR,SF,13,1,298,28,60,.467,7,22,.318,21,38,.553,.525,4,6,.667,17,25,42,13,13,2,7,23,67,0,,murrakr01
261,Nick Richards,28,PHO,C,15,1,156,24,43,.558,0,0,,24,43,.558,.558,18,25,.720,20,31,51,5,2,8,13,23,66,0,,richani01
262,Isaiah Collier,21,UTA,PG,6,1,152,21,36,.583,2,5,.400,19,31,.613,.611,20,27,.741,0,20,20,43,2,2,16,19,64,0,,colliis01
263,RayJ Dennis,24,IND,PG,11,0,161,22,70,.314,12,37,.324,10,33,.303,.400,8,9,.889,8,11,19,25,3,4,14,16,64,0,,dennira01
264,Jaxson Hayes,25,LAL,C,12,1,200,27,38,.711,1,1,1.000,26,37,.703,.724,9,14,.643,15,34,49,13,5,5,6,18,64,0,,hayesja02
265,Jarred Vanderbilt,26,LAL,PF,14,2,257,22,50,.440,4,14,.286,18,36,.500,.480,16,19,.842,19,59,78,21,14,5,22,27,64,0,,vandeja01
266,Al Horford,39,GSW,C,11,0,243,22,65,.338,15,47,.319,7,18,.389,.454,4,4,1.000,10,35,45,19,10,11,15,18,63,0,,horfoal01
267,Luke Kornet,30,SAS,C,7,2,163,25,32,.781,0,0,,25,32,.781,.781,11,16,.688,21,22,43,14,1,7,4,13,61,0,,kornelu01
268,Jaylen Clark,24,MIN,SG,12,0,197,21,46,.457,8,22,.364,13,24,.542,.543,10,16,.625,15,14,29,9,10,1,5,28,60,0,,clarkja02
269,Tyrese Proctor,21,CLE,PG,12,0,142,21,62,.339,12,41,.293,9,21,.429,.435,6,7,.857,2,10,12,14,4,0,6,20,60,0,,proctty01
270,Nicolas Batum,37,LAC,PF,14,2,250,19,57,.333,17,52,.327,2,5,.400,.482,4,4,1.000,6,35,41,11,12,8,8,28,59,0,,batumni01
271,Rob Dillingham,21,MIN,PG,12,0,136,24,61,.393,3,13,.231,21,48,.438,.418,8,11,.727,2,11,13,25,9,0,16,15,59,0,,dilliro01
272,Jordan Hawkins,23,NOP,SG,13,0,194,22,70,.314,10,40,.250,12,30,.400,.386,5,7,.714,6,19,25,14,2,0,4,8,59,0,,hawkijo01
273,Quenton Jackson,27,IND,PG,5,3,101,20,37,.541,6,12,.500,14,25,.560,.622,13,18,.722,5,12,17,18,5,1,6,10,59,0,,jacksqu01
274,Karlo Matković,24,NOP,PF,12,0,137,26,37,.703,4,9,.444,22,28,.786,.757,3,8,.375,8,25,33,10,2,6,5,14,59,0,,matkoka01
275,Alex Caruso,31,OKC,SG,10,0,183,20,52,.385,13,35,.371,7,17,.412,.510,5,6,.833,2,19,21,24,19,3,9,7,58,0,,carusal01
276,Jeremy Sochan,22,SAS,PF,8,0,132,20,33,.606,7,13,.538,13,20,.650,.712,7,9,.778,4,21,25,13,3,2,10,23,54,0,,sochaje01
277,Yves Missi,21,NOP,C,9,5,175,22,36,.611,0,0,,22,36,.611,.611,9,18,.500,25,18,43,12,3,9,11,14,53,0,,missiyv01
278,Jordan Walsh,21,BOS,PF,11,3,184,20,41,.488,7,17,.412,13,24,.542,.573,3,4,.750,13,32,45,10,10,6,2,26,50,0,,walshjo01
279,Bradley Beal,32,LAC,SG,6,6,121,18,48,.375,7,19,.368,11,29,.379,.448,6,8,.750,2,3,5,10,3,0,9,14,49,0,,bealbr01
280,Moussa Cisse,23,DAL,C,11,1,133,20,30,.667,0,0,,20,30,.667,.667,9,25,.360,22,24,46,1,3,16,10,24,49,0,,cissemo01
281,Bones Hyland,25,MIN,PG,12,0,108,19,37,.514,8,23,.348,11,14,.786,.622,3,4,.750,1,11,12,16,6,0,8,13,49,0,,hylanbo01
282,Taurean Prince,31,MIL,SF,8,0,169,17,38,.447,12,28,.429,5,10,.500,.605,3,3,1.000,0,13,13,8,6,2,5,20,49,0,,princta02
283,Jeremiah Robinson-Earl,25,IND,PF,9,3,187,19,53,.358,3,17,.176,16,36,.444,.387,8,9,.889,25,35,60,7,5,0,6,10,49,0,,robinje02
284,Bilal Coulibaly,21,WAS,SG,5,5,123,16,44,.364,5,17,.294,11,27,.407,.420,11,15,.733,4,18,22,17,6,6,10,11,48,0,,coulibi01
285,Nique Clifford,23,SAC,SG,10,2,192,17,51,.333,6,23,.261,11,28,.393,.392,7,10,.700,7,23,30,22,4,4,7,23,47,0,,cliffni01
286,Asa Newell,20,ATL,PF,9,0,82,16,32,.500,8,16,.500,8,16,.500,.625,7,9,.778,9,8,17,1,4,3,4,11,47,0,,newelas01
287,Cam Christie,20,LAC,SG,9,0,104,14,32,.438,7,17,.412,7,15,.467,.547,11,15,.733,3,12,15,8,2,2,2,3,46,0,,chrisca02
288,Drake Powell,20,BRK,SG,8,0,149,19,39,.487,5,13,.385,14,26,.538,.551,3,3,1.000,3,14,17,15,7,1,11,17,46,0,,poweldr01
289,Larry Nance Jr.,33,CLE,PF,12,1,181,18,53,.340,7,26,.269,11,27,.407,.406,1,3,.333,10,28,38,16,6,2,9,34,44,0,,nancela02
290,Pat Spencer,29,GSW,PG,9,0,99,14,40,.350,5,13,.385,9,27,.333,.413,11,12,.917,4,9,13,16,6,1,5,8,44,0,,spencpa01
291,Chaz Lanier,24,DET,SG,11,0,128,14,40,.350,12,36,.333,2,4,.500,.500,3,3,1.000,6,8,14,10,3,0,1,3,43,0,,laniech01
292,Kobe Sanders,23,LAC,SG,6,1,100,14,34,.412,8,21,.381,6,13,.462,.529,6,7,.857,5,5,10,8,4,0,6,14,42,0,,sandeko01
293,Nick Smith Jr.,21,LAL,SG,6,0,90,16,37,.432,8,18,.444,8,19,.421,.541,2,3,.667,0,6,6,13,3,1,10,4,42,0,,smithni01
294,Obi Toppin,27,IND,PF,3,0,82,15,36,.417,3,17,.176,12,19,.632,.458,9,9,1.000,3,17,20,5,3,0,6,7,42,0,,toppiob01
295,Precious Achiuwa,26,SAC,C,7,4,118,17,31,.548,0,8,.000,17,23,.739,.548,7,13,.538,10,19,29,5,5,3,3,7,41,0,,achiupr01
296,Jamison Battle,24,TOR,SF,10,0,73,15,21,.714,11,15,.733,4,6,.667,.976,0,0,,1,10,11,2,2,1,4,5,41,0,,battlja01
297,Duop Reath,29,POR,C,10,0,81,14,24,.583,13,22,.591,1,2,.500,.854,0,0,,1,5,6,4,0,1,1,8,41,0,,reathdu01
298,Clint Capela,31,HOU,C,11,0,108,16,25,.640,0,0,,16,25,.640,.640,8,10,.800,27,22,49,4,3,6,4,11,40,0,,capelca01
299,Taylor Hendricks,22,UTA,PF,9,3,148,15,40,.375,4,17,.235,11,23,.478,.425,6,8,.750,16,22,38,4,4,3,5,4,40,0,,hendrta01
300,Darius Garland,26,CLE,PG,3,3,73,12,36,.333,7,19,.368,5,17,.294,.431,8,8,1.000,3,6,9,15,3,0,5,6,39,0,,garlada01
301,Pat Connaughton,33,CHO,SG,10,0,94,13,28,.464,6,17,.353,7,11,.636,.571,6,9,.667,3,16,19,6,4,1,3,4,38,0,,connapa01
302,Trayce Jackson-Davis,25,GSW,C,9,0,100,15,28,.536,0,0,,15,28,.536,.536,8,11,.727,10,11,21,11,3,4,7,17,38,0,,jackstr02
303,Jabari Walker,23,PHI,PF,13,5,158,16,38,.421,2,12,.167,14,26,.538,.447,4,5,.800,16,21,37,5,2,3,5,22,38,0,,walkeja01
304,Liam McNeeley,20,CHO,SF,9,0,112,9,29,.310,6,18,.333,3,11,.273,.414,13,15,.867,4,13,17,11,2,1,5,14,37,0,,mcneeli01
305,Gary Payton II,33,GSW,SG,15,0,148,17,39,.436,3,16,.188,14,23,.609,.474,0,0,,13,25,38,16,9,4,8,18,37,0,,paytoga02
306,Nae'Qwan Tomlin,25,CLE,PF,6,0,76,14,27,.519,0,8,.000,14,19,.737,.519,9,10,.900,12,8,20,4,6,5,2,15,37,0,,tomlina01
307,Robert Williams,28,POR,C,9,0,108,18,28,.643,1,3,.333,17,25,.680,.661,0,1,.000,16,17,33,6,6,5,3,8,37,0,,williro04
308,Olivier-Maxence Prosper,23,MEM,PF,9,0,76,10,20,.500,0,5,.000,10,15,.667,.500,16,16,1.000,6,12,18,5,1,1,4,4,36,0,,prospol01
309,Blake Wesley,22,POR,SG,6,0,98,14,34,.412,2,10,.200,12,24,.500,.441,6,10,.600,2,12,14,19,10,1,7,14,36,0,,weslebl01
310,Jonathan Isaac,28,ORL,PF,14,0,133,11,31,.355,4,19,.211,7,12,.583,.419,8,12,.667,9,30,39,1,6,5,4,10,34,0,,isaacjo01
311,Caleb Love,24,POR,SG,6,0,77,14,39,.359,6,23,.261,8,16,.500,.436,0,0,,2,15,17,11,2,0,4,3,34,0,,loveca01
312,Kevin Love,37,UTA,PF,8,0,112,9,27,.333,6,23,.261,3,4,.750,.444,10,12,.833,6,28,34,18,0,3,7,10,34,0,,loveke01
313,KJ Simpson,23,CHO,PG,6,0,90,13,37,.351,5,14,.357,8,23,.348,.419,3,4,.750,3,11,14,18,4,0,10,8,34,0,,simpskj01
314,Javon Small,23,MEM,PG,8,0,99,10,28,.357,6,19,.316,4,9,.444,.464,8,10,.800,1,7,8,22,0,1,8,7,34,0,,smallja01
315,Hugo González,19,BOS,SF,11,1,136,14,31,.452,5,10,.500,9,21,.429,.532,0,1,.000,8,14,22,7,9,2,6,20,33,0,,gonzahu01
316,Aaron Holiday,29,HOU,PG,7,0,58,10,18,.556,5,11,.455,5,7,.714,.694,8,9,.889,0,4,4,7,1,1,5,5,33,0,,holidaa01
317,Julian Strawther,23,DEN,SG,9,0,71,11,30,.367,2,16,.125,9,14,.643,.400,9,13,.692,0,14,14,4,0,1,3,6,33,0,,strawju01
318,Dominick Barlow,22,PHI,PF,4,3,100,12,22,.545,2,7,.286,10,15,.667,.591,6,8,.750,11,10,21,8,3,3,7,10,32,0,,barlodo01
319,Branden Carlson,26,OKC,C,10,0,86,13,30,.433,4,15,.267,9,15,.600,.500,2,4,.500,6,15,21,5,2,6,3,10,32,0,,carlsbr01
320,Jevon Carter,30,CHI,PG,4,0,56,10,21,.476,10,17,.588,0,4,.000,.714,2,2,1.000,2,5,7,7,2,0,2,3,32,0,,carteje01
321,Justin Champagnie,24,WAS,SF,12,3,101,8,25,.320,2,10,.200,6,15,.400,.360,14,17,.824,17,17,34,4,4,0,2,12,32,0,,champju01
322,Baylor Scheierman,25,BOS,SG,11,0,113,11,20,.550,9,17,.529,2,3,.667,.775,1,1,1.000,5,18,23,5,3,1,2,10,32,0,,scheiba01
323,Ja'Kobe Walter,21,TOR,SG,11,0,123,10,31,.323,6,22,.273,4,9,.444,.419,6,7,.857,6,8,14,6,7,1,9,20,32,0,,walteja01
324,Jalen Green,23,PHO,SG,2,2,30,11,23,.478,6,14,.429,5,9,.556,.609,3,5,.600,2,2,4,4,2,0,2,2,31,0,,greenja05
325,John Konchar,29,MEM,SG,13,0,151,12,24,.500,6,16,.375,6,8,.750,.625,1,1,1.000,4,26,30,14,10,5,4,10,31,0,,konchjo01
326,Micah Peavy,24,NOP,SG,10,0,118,13,32,.406,3,12,.250,10,20,.500,.453,1,2,.500,11,12,23,10,1,1,2,15,30,0,,peavymi01
327,Guerschon Yabusele,30,NYK,C,12,0,116,10,31,.323,7,22,.318,3,9,.333,.435,3,6,.500,12,18,30,4,2,1,2,13,30,0,,yabusgu01
328,Ousmane Dieng,22,OKC,C,12,0,135,11,36,.306,3,17,.176,8,19,.421,.347,4,4,1.000,4,17,21,8,1,5,6,10,29,0,,diengou01
329,Brandon Miller,23,CHO,SF,2,2,40,10,25,.400,2,11,.182,8,14,.571,.440,7,10,.700,0,0,0,8,1,1,3,5,29,0,,millebr02
330,Tristan Vukcevic,22,WAS,C,10,0,59,10,22,.455,3,10,.300,7,12,.583,.523,6,10,.600,1,8,9,4,1,4,5,6,29,0,,vukcetr01
331,Jett Howard,22,ORL,SF,10,0,84,10,29,.345,8,22,.364,2,7,.286,.483,0,0,,1,5,6,7,1,3,1,5,28,0,,howarje01
332,Tyus Jones,29,ORL,PG,15,1,193,12,38,.316,4,21,.190,8,17,.471,.368,0,0,,3,10,13,23,11,2,6,9,28,0,,jonesty01
333,Jordan McLaughlin,29,SAS,PG,8,0,74,10,24,.417,5,15,.333,5,9,.556,.521,3,3,1.000,3,3,6,10,7,0,2,7,28,0,,mclaujo01
334,Jordan Miller,26,LAC,SF,3,0,49,8,16,.500,5,9,.556,3,7,.429,.656,7,8,.875,3,5,8,3,1,0,3,2,28,0,,millejo02
335,Sidy Cissoko,21,POR,SF,9,0,117,9,22,.409,2,9,.222,7,13,.538,.455,7,10,.700,7,9,16,11,4,0,4,18,27,0,,cissosi01
336,Isaiah Livers,27,PHO,PF,9,0,104,8,19,.421,6,17,.353,2,2,1.000,.579,5,6,.833,4,12,16,4,2,3,1,9,27,0,,liveris01
337,Dwight Powell,34,DAL,C,12,0,114,6,12,.500,0,0,,6,12,.500,.500,15,18,.833,12,14,26,8,4,2,5,25,27,0,,poweldw01
338,Mitchell Robinson,27,NYK,C,7,7,116,13,22,.591,0,0,,13,22,.591,.591,1,3,.333,40,23,63,7,4,7,5,19,27,0,,robinmi01
339,Terrence Shannon Jr.,25,MIN,SG,7,0,115,9,28,.321,4,11,.364,5,17,.294,.393,5,7,.714,3,14,17,8,4,0,6,11,27,0,,shannte01
340,Coby White,25,CHI,SG,1,0,30,5,14,.357,3,8,.375,2,6,.333,.464,14,14,1.000,0,4,4,8,1,0,3,3,27,0,,whiteco01
341,Kyle Anderson,32,UTA,SF,4,0,69,10,22,.455,0,0,,10,22,.455,.455,6,9,.667,4,6,10,14,3,0,3,8,26,0,,anderky01
342,Adem Bona,22,PHI,C,12,3,177,9,20,.450,0,1,.000,9,19,.474,.450,8,16,.500,15,26,41,3,5,20,7,18,26,0,,bonaad01
343,T.J. McConnell,33,IND,PG,4,0,58,12,35,.343,1,6,.167,11,29,.379,.357,1,1,1.000,1,3,4,9,3,0,1,5,26,0,,mccontj01
344,Maxime Raynaud,22,SAC,C,6,0,74,9,23,.391,0,3,.000,9,20,.450,.391,8,9,.889,7,15,22,4,2,2,6,6,26,0,,raynama01
345,Cody Williams,21,UTA,SG,9,0,118,11,30,.367,2,14,.143,9,16,.563,.400,1,3,.333,2,6,8,4,3,2,3,14,25,0,,willico04
346,Ochai Agbaji,25,TOR,SG,9,1,125,9,25,.360,1,12,.083,8,13,.615,.380,5,8,.625,2,17,19,6,5,1,3,16,24,0,,agbajoc01
347,Gui Santos,23,GSW,PF,12,0,77,9,21,.429,5,16,.313,4,5,.800,.548,1,2,.500,8,8,16,2,4,0,5,15,24,0,,santogu01
348,Tyler Kolek,24,NYK,PG,10,0,67,10,24,.417,3,13,.231,7,11,.636,.479,0,0,,2,3,5,13,1,0,6,9,23,0,,kolekty01
349,Ben Saraf,19,BRK,SG,7,5,97,7,27,.259,3,13,.231,4,14,.286,.315,6,8,.750,3,10,13,17,2,0,9,13,23,0,,sarafbe01
350,Carter Bryant,20,SAS,PF,9,0,62,8,26,.308,3,14,.214,5,12,.417,.365,3,3,1.000,1,9,10,0,2,1,4,5,22,0,,bryanca01
351,Dereck Lively II,21,DAL,C,5,3,80,9,14,.643,0,0,,9,14,.643,.643,4,6,.667,6,17,23,10,3,7,8,15,22,0,,livelde01
352,Caleb Martin,30,DAL,SF,13,0,130,7,22,.318,1,7,.143,6,15,.400,.341,7,8,.875,9,13,22,14,5,2,7,24,22,0,,martica02
353,Tidjane Salaün,20,CHO,PF,7,0,83,7,19,.368,4,12,.333,3,7,.429,.474,4,6,.667,5,20,25,5,2,1,3,8,22,0,,salauti01
354,Amir Coffey,28,MIL,SG,13,0,128,8,19,.421,2,8,.250,6,11,.545,.474,3,3,1.000,4,10,14,7,0,1,1,6,21,0,,coffeam01
355,Zach Edey,23,MEM,C,2,2,50,7,17,.412,0,1,.000,7,16,.438,.412,7,9,.778,7,11,18,2,2,4,4,7,21,0,,edeyza01
356,Bronny James,21,LAL,SG,10,1,111,8,27,.296,3,11,.273,5,16,.313,.352,2,2,1.000,4,5,9,18,8,1,8,12,21,0,,jamesbr02
357,Kelly Olynyk,34,SAS,C,5,0,56,8,14,.571,2,5,.400,6,9,.667,.643,3,4,.750,5,11,16,16,2,0,4,9,21,0,,olynyke01
358,Chris Paul,40,LAC,PG,9,0,114,7,27,.259,6,20,.300,1,7,.143,.370,1,1,1.000,5,11,16,29,9,0,7,15,21,0,,paulch01
359,Julian Phillips,22,CHI,SF,12,0,84,9,24,.375,3,12,.250,6,12,.500,.438,0,0,,7,4,11,2,5,3,1,7,21,0,,phillju01
360,Thomas Bryant,28,CLE,C,9,0,61,10,23,.435,0,11,.000,10,12,.833,.435,0,3,.000,5,12,17,1,3,3,1,6,20,0,,bryanth01
361,Gary Harris,31,MIL,SG,8,0,76,8,17,.471,4,10,.400,4,7,.571,.588,0,0,,1,3,4,4,5,2,2,6,20,0,,harriga01
362,Kevon Looney,29,NOP,C,7,6,99,8,23,.348,1,6,.167,7,17,.412,.370,3,6,.500,13,14,27,11,2,4,5,14,20,0,,looneke01
363,Taelon Peter,23,IND,SG,10,0,90,6,24,.250,5,22,.227,1,2,.500,.354,3,3,1.000,4,10,14,13,2,2,8,5,20,0,,peterta01
364,Will Riley,19,WAS,SF,9,0,64,8,18,.444,1,4,.250,7,14,.500,.472,3,6,.500,3,11,14,7,2,0,2,2,20,0,,rileywi01
365,Matisse Thybulle,28,POR,SG,4,0,49,6,10,.600,4,6,.667,2,4,.500,.800,4,4,1.000,0,4,4,3,10,0,1,7,20,0,,thybuma01
366,Xavier Tillman Sr.,27,BOS,C,8,0,65,9,18,.500,2,8,.250,7,10,.700,.556,0,0,,7,10,17,5,3,1,1,7,20,0,,tillmxa01
367,Malaki Branham,22,WAS,SG,5,0,34,6,11,.545,1,5,.200,5,6,.833,.591,6,8,.750,3,5,8,3,0,0,1,2,19,0,,branhma01
368,Nigel Hayes-Davis,31,PHO,SF,12,0,97,9,24,.375,1,9,.111,8,15,.533,.396,0,0,,7,9,16,5,5,0,5,10,19,0,,hayesni01
369,Yanic Konan Niederhauser,22,LAC,C,5,0,22,7,8,.875,0,0,,7,8,.875,.875,5,8,.625,3,3,6,2,0,1,1,2,19,0,,konanya01
370,Mac McClung,27,IND,SG,3,0,34,7,18,.389,2,10,.200,5,8,.625,.444,3,4,.750,0,4,4,1,5,1,2,6,19,0,,mccluma01
371,Mark Sears,23,MIL,PG,5,0,21,5,9,.556,3,5,.600,2,4,.500,.722,6,8,.750,1,0,1,1,0,0,4,3,19,0,,searsma01
372,Joan Beringer,19,MIN,PF,9,0,37,8,11,.727,0,0,,8,11,.727,.727,2,3,.667,2,10,12,0,1,2,2,9,18,0,,berinjo01
373,Yang Hansen,20,POR,C,6,0,42,6,16,.375,0,5,.000,6,11,.545,.375,6,7,.857,4,5,9,3,0,3,6,4,18,0,,yangha01
374,Bryce McGowens,23,NOP,SG,6,0,43,5,13,.385,0,2,.000,5,11,.455,.385,8,10,.800,0,4,4,3,2,0,1,4,18,0,,mcgowbr01
375,Monte Morris,30,IND,PG,6,0,65,7,20,.350,2,8,.250,5,12,.417,.400,2,4,.500,1,6,7,9,1,1,2,3,18,0,,morrimo01
376,Jalen Pickett,26,DEN,SG,7,1,53,7,15,.467,3,7,.429,4,8,.500,.567,1,1,1.000,2,5,7,7,0,0,4,4,18,0,,pickeja02
377,Chris Youngblood,23,OKC,SG,13,0,66,4,15,.267,4,14,.286,0,1,.000,.400,6,6,1.000,2,5,7,2,1,0,0,11,18,0,,youngch01
378,Chris Boucher,33,BOS,PF,7,0,76,7,22,.318,1,12,.083,6,10,.600,.341,2,2,1.000,2,15,17,2,4,5,1,15,17,0,,bouchch01
379,Devin Carter,23,SAC,PG,8,0,65,5,21,.238,2,11,.182,3,10,.300,.286,5,5,1.000,3,9,12,9,6,1,6,8,17,0,,cartede02
380,Elijah Harkless,25,UTA,SG,7,0,66,4,11,.364,2,7,.286,2,4,.500,.455,7,9,.778,2,4,6,5,4,0,3,10,17,0,,harklej01
381,Bobi Klintman,22,DET,SF,6,0,53,7,21,.333,3,11,.273,4,10,.400,.405,0,3,.000,5,11,16,4,2,0,5,9,17,0,,klintbo01
382,Noah Penda,21,ORL,SF,7,0,47,6,11,.545,2,2,1.000,4,9,.444,.636,3,4,.750,6,7,13,6,1,2,3,6,17,0,,pendano01
383,Tolu Smith,25,DET,PF,2,0,22,6,8,.750,0,0,,6,8,.750,.750,5,7,.714,4,7,11,2,1,1,1,2,17,0,,smithto05
384,Dalen Terry,23,CHI,SG,8,0,59,6,13,.462,2,5,.400,4,8,.500,.538,3,6,.500,0,6,6,8,1,2,2,6,17,0,,terryda01
385,Gabe Vincent,29,LAL,PG,4,3,88,5,16,.313,4,13,.308,1,3,.333,.438,3,3,1.000,1,2,3,8,3,0,2,10,17,0,,vincega01
386,Brooks Barnhizer,23,OKC,SG,13,0,103,7,14,.500,0,1,.000,7,13,.538,.500,2,4,.500,5,22,27,4,2,2,1,10,16,0,,barnhbr01
387,Rasheer Fleming,21,PHO,PF,8,0,46,5,19,.263,2,11,.182,3,8,.375,.316,4,4,1.000,7,5,12,2,1,1,3,5,16,0,,flemira01
388,Ryan Nembhard,22,DAL,PG,5,0,45,7,15,.467,0,4,.000,7,11,.636,.467,2,3,.667,1,0,1,9,0,0,6,3,16,0,,nembhry01
389,Kobe Brown,26,LAC,PF,7,0,60,5,11,.455,1,6,.167,4,5,.800,.500,4,4,1.000,4,11,15,7,0,0,3,2,15,0,,brownko01
390,Spencer Jones,24,DEN,SF,9,0,78,5,9,.556,2,5,.400,3,4,.750,.667,3,4,.750,2,0,2,4,6,1,6,12,15,0,,jonessp01
391,Leonard Miller,22,MIN,SF,8,0,37,6,12,.500,0,5,.000,6,7,.857,.500,3,5,.600,1,10,11,4,2,0,4,6,15,0,,millele01
392,Lindy Waters III,28,SAS,SG,6,0,46,5,12,.417,5,12,.417,0,0,,.625,0,0,,0,7,7,3,0,0,0,4,15,0,,waterli01
393,Caleb Houstan,23,ATL,SF,6,0,35,4,10,.400,3,7,.429,1,3,.333,.550,3,3,1.000,3,0,3,2,1,1,3,5,14,0,,houstca01
394,PJ Hall,23,MEM,C,7,0,27,5,9,.556,1,3,.333,4,6,.667,.611,2,3,.667,3,6,9,2,0,2,1,3,13,0,,hallpj01
395,Khaman Maluach,19,PHO,C,7,0,35,3,7,.429,0,3,.000,3,4,.750,.429,7,8,.875,1,5,6,1,0,4,5,8,13,0,,maluakh01
396,Jeff Green,39,HOU,PF,5,0,21,4,6,.667,4,6,.667,0,0,,1.000,0,0,,1,1,2,0,0,1,0,2,12,0,,greenje02
397,GG Jackson II,21,MEM,PF,6,0,28,4,14,.286,0,6,.000,4,8,.500,.286,4,7,.571,1,2,3,1,3,0,0,3,12,0,,jacksgg01
398,E.J. Liddell,25,BRK,PF,5,0,25,4,11,.364,2,8,.250,2,3,.667,.455,2,3,.667,1,6,7,0,0,0,0,4,12,0,,liddeej01
399,JD Davison,23,HOU,PG,5,0,24,4,8,.500,3,6,.500,1,2,.500,.688,0,2,.000,0,0,0,2,1,1,0,2,11,0,,davisjd01
400,LeBron James,41,LAL,SF,1,1,30,4,7,.571,2,3,.667,2,4,.500,.714,1,4,.250,1,2,3,12,1,0,1,0,11,0,,jamesle01
401,David Jones García,24,SAS,SF,4,0,18,5,8,.625,0,0,,5,8,.625,.625,1,3,.333,2,2,4,6,0,0,0,2,11,0,,jonesda06
402,Zeke Nnaji,25,DEN,PF,6,0,21,4,7,.571,1,4,.250,3,3,1.000,.643,2,3,.667,1,1,2,2,0,0,2,7,11,0,,nnajize01
403,Jericho Sims,27,MIL,C,10,0,73,4,6,.667,0,0,,4,6,.667,.667,3,4,.750,8,10,18,4,1,2,4,6,11,0,,simsje01
404,Pete Nance,25,MIL,PF,1,0,4,4,5,.800,2,3,.667,2,2,1.000,1.000,0,0,,0,1,1,0,0,0,0,0,10,0,,nancepe01
405,Kevin Porter Jr.,25,MIL,PG,1,1,9,3,5,.600,2,3,.667,1,2,.500,.800,2,2,1.000,0,0,0,2,1,0,0,0,10,0,,porteke02
406,Luke Travers,24,CLE,SG,6,0,47,2,16,.125,0,6,.000,2,10,.200,.125,6,6,1.000,4,7,11,4,3,4,1,2,10,0,,travelu01
407,Paul George,35,PHI,PF,1,1,21,2,9,.222,1,4,.250,1,5,.200,.278,4,7,.571,0,7,7,3,0,2,1,0,9,0,,georgpa01
408,Anthony Gill,33,WAS,PF,5,0,13,3,4,.750,1,1,1.000,2,3,.667,.875,2,2,1.000,1,3,4,0,0,0,2,1,9,0,,gillan01
409,DeAndre Jordan,37,NOP,C,2,1,23,4,5,.800,0,0,,4,5,.800,.800,1,2,.500,4,6,10,0,0,0,1,1,9,0,,jordade01
410,Johnny Juzang,24,MIN,SG,7,0,21,3,9,.333,2,7,.286,1,2,.500,.444,1,2,.500,1,2,3,1,0,0,1,3,9,0,,juzanjo01
411,Riley Minix,25,SAS,SF,3,0,8,4,6,.667,1,3,.333,3,3,1.000,.750,0,0,,1,1,2,1,1,0,0,1,9,0,,minixri01
412,Antonio Reeves,25,CHO,SG,2,0,21,3,6,.500,3,5,.600,0,1,.000,.750,0,0,,1,1,2,0,0,0,0,1,9,0,,reevean01
413,Rayan Rupert,21,POR,SG,8,0,49,3,11,.273,1,7,.143,2,4,.500,.318,2,4,.500,1,8,9,2,3,0,2,8,9,0,,ruperra01
414,Johnny Furphy,21,IND,SG,3,0,37,3,6,.500,2,3,.667,1,3,.333,.667,0,0,,1,5,6,0,2,0,3,4,8,0,,furphjo01
415,Eric Gordon,37,PHI,SG,3,0,21,3,5,.600,2,4,.500,1,1,1.000,.800,0,0,,0,0,0,1,1,0,2,2,8,0,,gordoer01
416,Ron Harper Jr.,25,BOS,SF,3,0,15,3,7,.429,2,6,.333,1,1,1.000,.571,0,0,,1,2,3,3,0,1,0,2,8,0,,harpero02
417,Ariel Hukporti,23,NYK,C,8,2,56,4,8,.500,0,0,,4,8,.500,.500,0,0,,7,10,17,5,1,2,5,9,8,0,,hukpoar01
418,Jae'Sean Tate,30,HOU,SF,7,0,39,4,11,.364,0,3,.000,4,8,.500,.364,0,0,,1,5,6,1,1,0,1,6,8,0,,tateja01
419,Charles Bassey,25,MEM,C,2,0,31,3,8,.375,0,0,,3,8,.375,.375,1,3,.333,7,8,15,2,1,1,1,5,7,0,,bassech01
420,Mohamed Diawara,20,NYK,SF,7,0,16,3,4,.750,1,1,1.000,2,3,.667,.875,0,2,.000,0,2,2,1,1,0,1,2,7,0,,diawamo01
421,AJ Johnson,21,WAS,SG,8,0,38,2,11,.182,0,2,.000,2,9,.222,.182,3,4,.750,2,3,5,4,0,0,1,3,7,0,,johnsaj01
422,Keshad Johnson,24,MIA,SF,5,0,24,3,14,.214,1,7,.143,2,7,.286,.250,0,0,,1,7,8,0,2,1,1,2,7,0,,johnske10
423,Maxi Kleber,34,LAL,PF,4,0,50,2,4,.500,2,3,.667,0,1,.000,.750,1,2,.500,2,5,7,4,1,2,0,6,7,0,,klebima01
424,Cody Martin,30,IND,SF,4,0,55,2,10,.200,0,5,.000,2,5,.400,.200,3,6,.500,1,13,14,2,4,2,4,5,7,0,,martico01
425,Nolan Traoré,19,BRK,PG,4,0,35,2,9,.222,2,6,.333,0,3,.000,.333,1,2,.500,0,1,1,5,2,0,2,5,7,0,,traorno01
426,Tyson Etienne,26,BRK,PG,5,0,25,2,11,.182,2,10,.200,0,1,.000,.273,0,0,,0,0,0,0,0,0,0,3,6,0,,etienty01
427,Doug McDermott,34,SAC,SF,1,0,8,2,3,.667,2,3,.667,0,0,,1.000,0,0,,0,0,0,0,0,0,1,1,6,0,,mcderdo01
428,Jonathan Mogbo,24,TOR,PF,7,0,35,3,6,.500,0,0,,3,6,.500,.500,0,0,,3,6,9,4,1,2,1,4,6,0,,mogbojo01
429,Wendell Moore Jr.,24,DET,SG,3,0,43,3,6,.500,0,1,.000,3,5,.600,.500,0,0,,1,3,4,3,2,1,1,1,6,0,,moorewe01
430,Mason Plumlee,35,CHO,C,6,0,30,2,2,1.000,0,0,,2,2,1.000,1.000,2,4,.500,1,4,5,2,0,0,2,1,6,0,,plumlma01
431,Adou Thiero,21,LAL,SF,2,0,8,2,2,1.000,0,0,,2,2,1.000,1.000,2,2,1.000,1,0,1,0,0,0,0,2,6,0,,thierad01
432,Jacob Toppin,25,ATL,SF,3,0,9,3,4,.750,0,0,,3,4,.750,.750,0,0,,0,1,1,0,0,0,0,1,6,0,,toppija01
433,Jamir Watkins,24,WAS,SG,3,0,21,3,4,.750,0,1,.000,3,3,1.000,.750,0,0,,1,5,6,0,0,1,1,4,6,0,,watkija01
434,Dylan Cardwell,24,SAC,C,3,1,33,2,6,.333,0,1,.000,2,5,.400,.333,1,2,.500,2,3,5,0,2,3,2,10,5,0,,cardwdy01
435,Harrison Ingram,23,SAS,SF,3,0,11,2,3,.667,1,1,1.000,1,2,.500,.833,0,0,,3,0,3,0,0,0,0,2,5,0,,ingraha01
436,Dario Šarić,31,SAC,C,3,0,28,1,5,.200,1,2,.500,0,3,.000,.300,2,2,1.000,1,4,5,2,0,0,1,0,5,0,,saricda01
437,Isaac Jones,25,2TM,PF,4,1,18,2,4,.500,0,2,.000,2,2,1.000,.500,1,2,.500,2,0,2,1,0,0,0,4,5,0,,jonesis01
437,Isaac Jones,25,SAC,PF,3,1,17,1,2,.500,0,1,.000,1,1,1.000,.500,1,2,.500,2,0,2,1,0,0,0,4,3,0,,jonesis01
437,Isaac Jones,25,DET,PF,1,0,1,1,2,.500,0,1,.000,1,1,1.000,.500,0,0,,0,0,0,0,0,0,0,0,2,0,,jonesis01
438,Koby Brea,23,PHO,SG,1,0,4,1,2,.500,0,1,.000,1,1,1.000,.500,2,2,1.000,0,0,0,1,0,0,0,0,4,0,,breako01
439,Johni Broome,23,PHI,PF,2,0,6,2,5,.400,0,1,.000,2,4,.500,.400,0,0,,2,0,2,1,0,0,0,0,4,0,,broomjo01
440,Pacome Dadiet,20,NYK,SG,5,0,14,1,4,.250,0,1,.000,1,3,.333,.250,2,2,1.000,0,3,3,2,0,0,0,1,4,0,,dadiepa01
441,James Wiseman,24,IND,C,1,1,20,2,3,.667,0,0,,2,3,.667,.667,0,0,,4,0,4,0,0,1,3,2,4,0,,wisemja01
442,Jamaree Bouyea,26,PHO,PG,1,0,3,1,2,.500,1,1,1.000,0,1,.000,.750,0,0,,0,0,0,1,0,1,0,0,3,0,,bouyeja01
443,N'Faly Dante,24,ATL,C,4,0,15,1,4,.250,0,0,,1,4,.250,.250,1,1,1.000,3,4,7,0,2,0,1,1,3,0,,nfalyda01
444,Myron Gardner,24,MIA,SF,1,0,3,1,1,1.000,1,1,1.000,0,0,,1.500,0,0,,0,1,1,1,0,0,0,2,3,0,,gardnmy01
445,DaRon Holmes,23,DEN,PF,2,0,4,1,1,1.000,1,1,1.000,0,0,,1.500,0,0,,0,0,0,0,0,0,0,1,3,0,,holmeda01
446,Kyle Lowry,39,PHI,PG,1,0,3,1,1,1.000,1,1,1.000,0,0,,1.500,0,0,,0,0,0,1,1,0,0,0,3,0,,lowryky01
447,Jase Richardson,20,ORL,SG,7,0,30,1,5,.200,0,3,.000,1,2,.500,.200,1,2,.500,0,1,1,6,0,0,3,1,3,0,,richaja02
448,Thanasis Antetokounmpo,33,MIL,SF,4,0,9,1,2,.500,0,0,,1,2,.500,.500,0,0,,0,1,1,0,1,2,0,1,2,0,,antetth01
449,Bismack Biyombo,33,SAS,C,6,0,46,1,2,.500,0,0,,1,2,.500,.500,0,0,,2,4,6,2,3,1,2,9,2,0,,biyombi01
450,Hunter Dickinson,25,NOP,C,1,0,5,1,2,.500,0,0,,1,2,.500,.500,0,0,,0,0,0,0,0,1,2,2,2,0,,dickihu01
451,Colby Jones,23,DET,SG,1,0,7,1,3,.333,0,2,.000,1,1,1.000,.333,0,0,,0,4,4,2,0,0,0,1,2,0,,jonesco02
452,Miles Kelly,23,DAL,PG,2,0,11,1,2,.500,0,1,.000,1,1,1.000,.500,0,0,,1,3,4,0,0,0,1,2,2,0,,kellymi02
453,Daeqwon Plowden,27,SAC,SG,1,0,14,1,5,.200,0,3,.000,1,2,.500,.200,0,0,,2,0,2,0,0,0,0,0,2,0,,plowdda01
454,Hunter Sallis,22,PHI,SG,3,0,7,1,1,1.000,0,0,,1,1,1.000,1.000,0,0,,0,1,1,1,0,0,2,1,2,0,,sallihu01
455,Amari Williams,24,BOS,PF,2,0,7,1,2,.500,0,0,,1,2,.500,.500,0,0,,1,1,2,1,1,0,0,1,2,0,,william01
456,Danny Wolf,21,BRK,PF,3,0,8,0,1,.000,0,0,,0,1,.000,.000,2,2,1.000,0,2,2,2,0,0,0,0,2,0,,wolfda01
457,Jahmir Young,25,MIA,PG,2,0,10,1,3,.333,0,1,.000,1,2,.500,.333,0,0,,0,1,1,2,0,0,1,2,2,0,,youngja05
458,Drew Peterson,26,CHO,PF,1,0,16,0,3,.000,0,2,.000,0,1,.000,.000,1,2,.500,1,0,1,1,0,1,0,0,1,0,,peterdr01
459,Jahmyl Telfort,24,LAC,PF,3,0,16,0,2,.000,0,2,.000,0,0,,.000,1,4,.250,0,2,2,1,0,0,1,2,1,0,,telfoja01
460,Jamal Cain,26,ORL,SF,2,0,1,0,0,,0,0,,0,0,,,0,0,,0,0,0,0,0,0,0,0,0,0,,cainja01
461,Sharife Cooper,24,WAS,PG,2,0,4,0,0,,0,0,,0,0,,,0,0,,0,0,0,0,0,0,1,0,0,0,,coopesh01
462,Joe Ingles,38,MIN,SF,5,0,23,0,2,.000,0,2,.000,0,0,,.000,0,0,,0,0,0,6,1,0,0,2,0,0,,inglejo01
463,Andre Jackson Jr.,24,MIL,SG,6,0,22,0,2,.000,0,1,.000,0,1,.000,.000,0,0,,1,1,2,6,2,1,2,3,0,0,,jacksan01
464,Trey Jemison,26,NYK,C,1,0,8,0,0,,0,0,,0,0,,,0,0,,1,1,2,0,0,0,0,0,0,0,,jemistr01
465,Christian Koloko,25,LAL,C,2,0,6,0,0,,0,0,,0,0,,,0,0,,0,1,1,0,0,0,0,1,0,0,,kolokch01
466,Chris Mañon,24,LAL,SG,2,0,7,0,1,.000,0,1,.000,0,0,,.000,0,0,,0,2,2,0,0,1,0,2,0,0,,manonch01
467,Jared McCain,21,PHI,SG,4,0,36,0,9,.000,0,2,.000,0,7,.000,.000,0,0,,0,2,2,4,1,0,1,4,0,0,,mccaija01
468,Orlando Robinson,25,ORL,C,1,0,2,0,0,,0,0,,0,0,,,0,0,,0,0,0,0,0,0,0,1,0,0,,robinor01
469,Garrett Temple,39,TOR,SG,2,0,6,0,1,.000,0,1,.000,0,0,,.000,0,0,,0,0,0,0,0,1,0,0,0,0,,templga01
470,Hunter Tyson,25,DEN,PF,5,0,17,0,7,.000,0,4,.000,0,3,.000,.000,0,0,,1,9,10,0,1,0,0,2,0,0,,tysonhu01
,League Average,,,,,,,,,.468,,,.358,,,.547,.543,,,.791,,,,,,,,,,,,-9999